{
  "n_total": 10000,
  "best_k": 8,
  "entropy": 0.9739760316291207,
  "cluster_sizes": [
    1000,
    2000,
    1000,
    2000,
    1000,
    1000,
    1000,
    1000
  ],
  "silhouette_by_k": {
    "2": 0.502586641596341,
    "3": 0.5477336801120426,
    "4": 0.5742234242871299,
    "5": 0.6620444105448045,
    "6": 0.6401521453825664,
    "7": 0.7171270735923982,
    "8": 0.8518163614079238
  }
}