{
  "n_total": 5000,
  "best_k": 4,
  "entropy": 0.9894385871929166,
  "cluster_sizes": [
    1450,
    906,
    1367,
    1277
  ],
  "silhouette_by_k": {
    "2": 0.35358162534991877,
    "3": 0.3961811955811143,
    "4": 0.4158496216564754,
    "5": 0.40921438829251416,
    "6": 0.37253097810261704,
    "7": 0.3446208956153013,
    "8": 0.36447086789988986
  }
}