{
  "n_total": 10000,
  "best_k": 8,
  "entropy": 0.9739760316291207,
  "cluster_sizes": [
    1000,
    1000,
    2000,
    2000,
    1000,
    1000,
    1000,
    1000
  ],
  "silhouette_by_k": {
    "2": 0.28697363636758244,
    "3": 0.3442785721124793,
    "4": 0.4654491243083823,
    "5": 0.5709219166033598,
    "6": 0.6424244461657201,
    "7": 0.7451355436651879,
    "8": 0.8269652312857195
  }
}