{
  "n_total": 10000,
  "best_k": 8,
  "entropy": 0.9640705258756102,
  "cluster_sizes": [
    951,
    1705,
    848,
    2256,
    915,
    889,
    1607,
    829
  ],
  "silhouette_by_k": {
    "2": 0.41061793312292993,
    "3": 0.44452881942756894,
    "4": 0.44659627010127523,
    "5": 0.48615755781475434,
    "6": 0.5226344168585966,
    "7": 0.5424070453695933,
    "8": 0.5821009023549963
  }
}