{
  "n_total": 10000,
  "best_k": 2,
  "entropy": 0.9426831892554921,
  "cluster_sizes": [
    6400,
    3600
  ],
  "silhouette_by_k": {
    "2": 0.627313124875058,
    "3": 0.5532602630446929,
    "4": 0.5572237405669564,
    "5": 0.49871031983516034,
    "6": 0.5256319702877379,
    "7": 0.516400775775906,
    "8": 0.5346386746603713
  }
}