{
  "n_total": 5000,
  "best_k": 2,
  "entropy": 0.9870084402431714,
  "cluster_sizes": [
    2835,
    2165
  ],
  "silhouette_by_k": {
    "2": 0.41542711665361715,
    "3": 0.3886407765285807,
    "4": 0.3460818451241571,
    "5": 0.3584393929515191,
    "6": 0.3243193860004868,
    "7": 0.3289521066534192,
    "8": 0.28724195091490856
  }
}